place,title,time,pay,date
서울 강남구,  비욘드 래빗고비욘드 x 강남 래빗고에서 함께하실 라이더분을 모집합니다스크랩요약보기새창보기,시간협의,"월급4,000,000",26분전
서울 강남구,  비욘드 래빗고강남 비욘드 X 래빗고 에서 함께하실 라이더스크랩요약보기새창보기,시간협의,"일급180,000",27분전
경기 안산시,  비욘드 안산월피지점비욘드 딜리버리 선부지사에서 기사님을 모집합니다.스크랩요약보기새창보기,시간협의,"일급200,000",56분전
충남 천안시,  비욘드 최강배달 천안신부센터[신부동배달대행]천안최강배달 신부지사에서 기사님들모집합니다 최다콜보유스크랩요약보기새창보기,시간협의,"일급200,000",59분전
충남 천안시,  비욘드 최강배달 천안신부센터[안서동배달대행]최강배달 안서지사에서 기사님들모집합니다 최다콜보유스크랩요약보기새창보기,시간협의,"일급200,000",59분전
충남 천안시,  비욘드 최강배달 천안신부센터[천안배달대행]최강배달 신부동 원성동 안서동지사에서 기사님들모집합니다스크랩요약보기새창보기,시간협의,"일급200,000",59분전
충남 천안시,  비욘드 최강배달 천안신부센터[배달대행]신부동 최강배달 신부지점에서 함께 일하실 기사님들 모집힙니다스크랩요약보기새창보기,시간협의,"건별3,300",59분전
충남 천안시,  비욘드 최강배달 천안신부센터[배달대행]안서동 최강배달 안서지점에서 함께 일하실 기사님들 모집힙니다스크랩요약보기새창보기,시간협의,"건별3,300",59분전
충남 천안시,"  비욘드 최강배달 천안신부센터[배달대행]최강배달 신부,안서,원성지점에서 에서 기사님들 모집합니다스크랩요약보기새창보기",시간협의,"건별3,300",59분전
경기 평택시,  비욘드딜리버리 딜리버리 평택비전지점평택 배달대행 비욘드딜리버리 지입기사 및 신입기사 모집합니다.스크랩요약보기새창보기,시간협의,"월급4,500,000",1시간전
경기 평택시,  비욘드딜리버리 딜리버리 평택비전지점평택 배달대행 비욘드딜리버리 지입기사 및 신입기사 모집합니다.스크랩요약보기새창보기,시간협의,"월급4,500,000",1시간전
경기 평택시,  비욘드딜리버리 딜리버리 평택비전지점평택 배달대행 비욘드딜리버리 지입기사 및 신입기사 모집합니다.스크랩요약보기새창보기,시간협의,"월급4,500,000",1시간전
경기 평택시,  비욘드딜리버리 딜리버리 평택비전지점평택 배달대행 비욘드딜리버리 지입기사 및 신입기사 모집합니다.스크랩요약보기새창보기,시간협의,"월급4,500,000",1시간전
경기 고양시,  비욘드 고양삼송지점[비욘드 배달대행 삼송지사] 라이더님을 모십니다스크랩요약보기새창보기,시간협의,"월급3,500,000",2시간전
경기 고양시,  비욘드 고양삼송지점[비욘드 배달대행 삼송지사] 라이더님을 모십니다스크랩요약보기새창보기,시간협의,"월급3,500,000",2시간전
경기 고양시,  비욘드 고양삼송지점[비욘드 배달대행 삼송지사] 라이더님을 모십니다스크랩요약보기새창보기,시간협의,"월급4,000,000",2시간전
경기 고양시,  비욘드 고양삼송지점[비욘드 배달대행 삼송지사] 라이더님을 모십니다스크랩요약보기새창보기,시간협의,"월급4,000,000",2시간전
경기 고양시,  비욘드 고양삼송지점[비욘드 배달대행 삼송지사] 라이더님을 모십니다스크랩요약보기새창보기,시간협의,"월급4,000,000",2시간전
경기 고양시,  비욘드 고양삼송지점[비욘드 배달대행 삼송지사] 라이더 님들을 모십니다스크랩요약보기새창보기,시간협의,"일급200,000",2시간전
경기 고양시,  비욘드 고양삼송지점[비욘드 배달대행 삼송지사] 라이더 님들을 모십니다스크랩요약보기새창보기,시간협의,"일급200,000",2시간전
경기 고양시,  비욘드 고양삼송지점[비욘드 배달대행 삼송지사] 라이더 님들을 모십니다스크랩요약보기새창보기,시간협의,"일급200,000",2시간전
경기 고양시,  비욘드 고양삼송지점[비욘드 배달대행 삼송지사] 라이더 님들을 모십니다스크랩요약보기새창보기,시간협의,"일급200,000",2시간전
경남 양산시,  비욘드 최강배달 로드퀵(양산로드퀵 배달대행 양산 웅상지역 기사님 모집스크랩요약보기새창보기,10:00~01:00,"월급3,500,000",2시간전
경남 양산시,  비욘드 최강배달 로드퀵(양산로드퀵 배달대행 양산 웅상지역 기사님 모집스크랩요약보기새창보기,10:00~01:00,"월급3,500,000",2시간전
경남 양산시,  비욘드 최강배달 로드퀵(양산로드퀵 배달대행 양산 웅상지역 기사님 모집스크랩요약보기새창보기,10:00~01:00,"월급3,500,000",2시간전
충남 천안시,"  비욘드 최강배달 천안쌍용센터천안 배달대행(쌍용동,봉명동) 도담(최강배달)에서 근면 성실한 기사님 모집스크랩요약보기새창보기",08:00~02:00,"건별3,000",2시간전
충남 천안시,"  비욘드 최강배달 천안쌍용센터천안 배달대행(쌍용,봉명) 도담(최강배달)에서 근면 성실한 기사님을 모십니다스크랩요약보기새창보기",08:00~02:00,"건별3,000",2시간전
충남 천안시,  비욘드 최강배달 천안쌍용센터(배달대행)도담딜리버리 천안 쌍용점에서 근면 성실하신 기사님을 모십니다.스크랩요약보기새창보기,08:00~02:00,"건별3,000",2시간전
충남 천안시,"  비욘드 최강배달 천안쌍용센터천안 배달대행(쌍용,봉명) 도담(최강배달)에서 근면 성실한 기사님을 모십니다스크랩요약보기새창보기",08:00~02:00,"건별3,000",2시간전
충남 천안시,  비욘드 최강배달 천안쌍용센터천안 배달대행(봉명동) 도담(최강배달)에서 근면 성실한 기사님을 모십니다스크랩요약보기새창보기,08:00~02:00,"건별3,000",2시간전
충남 천안시,  비욘드 최강배달 천안두정센터[배달대행] 천안두정동 도담딜리버리(최강배달) 근면성실한 기사님 모집합니다스크랩요약보기새창보기,시간협의,"건별3,300",2시간전
경기 하남시,  비욘드 하남미사지점하남 미사지역 배달대행 라이더님 모십니다스크랩요약보기새창보기,10:00~24:00,"건별3,100",2시간전
경기 수원시,  비욘드딜리버리 수원매탄지점비욘드 딜리버리 수원광교점 (최고우대/초보.프로.라이더 모집)스크랩요약보기새창보기,시간협의,"월급3,000,000",2시간전
경기 수원시,  비욘드딜리버리 수원매탄지점비욘드 딜리버리 수원광교점 (최고우대/초보.프로.라이더 모집)스크랩요약보기새창보기,시간협의,"월급3,000,000",2시간전
경기 수원시,  비욘드딜리버리 수원매탄지점비욘드 딜리버리 수원매탄점 (최고우대/초보.프로.라이더 모집)스크랩요약보기새창보기,시간협의,"월급3,000,000",2시간전
경기 수원시,  비욘드딜리버리 수원매탄지점비욘드 딜리버리 수원광교점 (최고우대/초보.프로.라이더 모집)스크랩요약보기새창보기,시간협의,"월급3,000,000",2시간전
경기 수원시,  비욘드딜리버리 수원매탄지점비욘드 딜리버리 수원매탄점 (최고우대/초보.프로.라이더 모집)스크랩요약보기새창보기,시간협의,"월급3,000,000",3시간전
경기 수원시,  비욘드딜리버리 수원매탄지점(배달대행) 비욘드 매탄점(최고대우/초보.프로라이더모집)스크랩요약보기새창보기,시간협의,"월급3,000,000",3시간전
경기 수원시,  비욘드딜리버리 수원매탄지점(배달대행) 비욘드 매탄점(최고대우/초보.프로라이더모집)스크랩요약보기새창보기,시간협의,"월급3,000,000",3시간전
경기 수원시,  비욘드딜리버리 수원매탄지점(배달대행) 비욘드 매탄점(최고대우/초보.프로라이더모집)스크랩요약보기새창보기,시간협의,"월급3,000,000",3시간전
경기 수원시,  비욘드딜리버리 수원매탄지점(배달대행) 비욘드 매탄점(최고대우/초보.프로라이더모집)스크랩요약보기새창보기,시간협의,"월급3,000,000",3시간전
경기 수원시,  비욘드딜리버리 수원매탄지점(배달대행) 비욘드 매탄점(최고대우/초보.프로라이더모집)스크랩요약보기새창보기,시간협의,"월급3,000,000",3시간전
충남 천안시,  비욘드 천안신부지점비욘드 딜리버리 성정점스크랩요약보기새창보기,10:00~04:00,"건별3,200",5시간전
충남 천안시,  비욘드 최강배달 천안백석센터천안 도담딜리버리(최강배달)에서 함께 근무하실 성실한 기사님을 모십니다스크랩요약보기새창보기,08:00~01:00,"건별3,300",5시간전
경기 남양주,  비욘드딜리버리 남양주별내지점비욘드딜리버리-별내청학지점 배달대행기사 모집스크랩요약보기새창보기,시간협의,"건별3,100",6시간전
경기 하남시,  비욘드 하남미사지점하남미사점 음식배달대행기사님 모십니다(신입.중장년층 환영)스크랩요약보기새창보기,시간협의,"건별3,100",6시간전
대구 동구,  비욘드 대구동구지점비욘드딜리버리 대구동구지점 인원모집스크랩요약보기새창보기,10:30~02:00,"건별3,000",6시간전
충남 천안시,  비욘드 최강배달 천안백석센터백석 도담딜리버리(최강배달)에서 성실하게 근무하실 기사님 모십니다스크랩요약보기새창보기,08:00~01:00,"건별3,300",7시간전
전북 전체,  비욘드딜리버리 전북김제지점비욘드딜리버리 김제지사 에서 함께일할 라이더를 모십니다 일 15만원 보장스크랩요약보기새창보기,시간협의,"월급4,500,000",7시간전
서울 강남구,  비욘드 래빗고비욘드 x 강남 래빗고에서 함께하실 라이더분을 모집합니다스크랩요약보기새창보기,시간협의,"월급4,000,000",8시간전
